Workbook

Sheet Case 3 solution
D1: Solution using formulas | K1: Solution using FlashFill, TYPE MANUALLY FOR THE FIRST 2 SAMPLES , CTRL+E
A2: EmployeeCode | B2: FirstName | C2: LastName | D2: Location | E2: EmpID | F2: Plant ID | G2: Pay Period | H2: LocationPlantID | J2: EmployeeCode | K2: Location | L2: EmpID | M2: Plant ID | N2: Pay Period | O2: LocationPlantID
A3: ='Case 3 data'!A2 -> Japan177-3Mo | B3: ='Case 3 data'!B2 -> Carl | C3: ='Case 3 data'!C2 -> Rodriguez | D3: {=LEFT($A3,MIN(FIND({0;1;2;3;4;5;6;7;8;9},$A3&"0123456789"))-1)} -> Japan | E3: {=MID($A3,MIN(FIND({0;1;2;3;4;5;6;7;8;9},$A3&"0123456789")),FIND("-",$A3)-MIN(FIND({0;1;2;3;4;5;6;7;8;9},$A3&"0123456789")))} -> 177 | F3: =MID($A3,FIND("-",$A3)+1,LEN($A3)-FIND("-",$A3)-LEN($G3)) -> 3 | G3: =IF(RIGHT($A3,2)="Mo","Mo",RIGHT($A3,1)) -> Mo | H3: =D3&"-"&F3 -> Japan-3 | J3: Japan177-3Mo | K3: Japan | L3: 177 | M3: 3 | N3: Mo | O3: Japan-3
A4: ='Case 3 data'!A3 -> AUS551-2Mo | B4: ='Case 3 data'!B3 -> Anne | C4: ='Case 3 data'!C3 -> Wright | D4: {=LEFT($A4,MIN(FIND({0;1;2;3;4;5;6;7;8;9},$A4&"0123456789"))-1)} -> AUS | E4: {=MID($A4,MIN(FIND({0;1;2;3;4;5;6;7;8;9},$A4&"0123456789")),FIND("-",$A4)-MIN(FIND({0;1;2;3;4;5;6;7;8;9},$A4&"0123456789")))} -> 551 | F4: =MID($A4,FIND("-",$A4)+1,LEN($A4)-FIND("-",$A4)-LEN($G4)) -> 2 | G4: =IF(RIGHT($A4,2)="Mo","Mo",RIGHT($A4,1)) -> Mo | H4: =D4&"-"&F4 -> AUS-2 | J4: AUS551-2Mo | K4: =LEFT(A4,3) -> AUS | L4: 551 | M4: 2 | N4: Mo | O4: AUS-2
A5: ='Case 3 data'!A4 -> AUS316-2M | B5: ='Case 3 data'!B4 -> Patrick | C5: ='Case 3 data'!C4 -> Rivera | D5: {=LEFT($A5,MIN(FIND({0;1;2;3;4;5;6;7;8;9},$A5&"0123456789"))-1)} -> AUS | E5: {=MID($A5,MIN(FIND({0;1;2;3;4;5;6;7;8;9},$A5&"0123456789")),FIND("-",$A5)-MIN(FIND({0;1;2;3;4;5;6;7;8;9},$A5&"0123456789")))} -> 316 | F5: =MID($A5,FIND("-",$A5)+1,LEN($A5)-FIND("-",$A5)-LEN($G5)) -> 2 | G5: =IF(RIGHT($A5,2)="Mo","Mo",RIGHT($A5,1)) -> M | H5: =D5&"-"&F5 -> AUS-2 | J5: AUS316-2M | K5: AUS | L5: 316 | M5: 2 | N5: M | O5: AUS-2
A6: ='Case 3 data'!A5 -> GER160-2W | B6: ='Case 3 data'!B5 -> Ruby | C6: ='Case 3 data'!C5 -> Walker | D6: {=LEFT($A6,MIN(FIND({0;1;2;3;4;5;6;7;8;9},$A6&"0123456789"))-1)} -> GER | E6: {=MID($A6,MIN(FIND({0;1;2;3;4;5;6;7;8;9},$A6&"0123456789")),FIND("-",$A6)-MIN(FIND({0;1;2;3;4;5;6;7;8;9},$A6&"0123456789")))} -> 160 | F6: =MID($A6,FIND("-",$A6)+1,LEN($A6)-FIND("-",$A6)-LEN($G6)) -> 2 | G6: =IF(RIGHT($A6,2)="Mo","Mo",RIGHT($A6,1)) -> W | H6: =D6&"-"&F6 -> GER-2 | J6: GER160-2W | K6: GER | L6: 160 | M6: 2 | N6: W | O6: GER-2
A7: ='Case 3 data'!A6 -> GER265-1M | B7: ='Case 3 data'!B6 -> Teresita | C7: ='Case 3 data'!C6 -> Guillen | D7: {=LEFT($A7,MIN(FIND({0;1;2;3;4;5;6;7;8;9},$A7&"0123456789"))-1)} -> GER | E7: {=MID($A7,MIN(FIND({0;1;2;3;4;5;6;7;8;9},$A7&"0123456789")),FIND("-",$A7)-MIN(FIND({0;1;2;3;4;5;6;7;8;9},$A7&"0123456789")))} -> 265 | F7: =MID($A7,FIND("-",$A7)+1,LEN($A7)-FIND("-",$A7)-LEN($G7)) -> 1 | G7: =IF(RIGHT($A7,2)="Mo","Mo",RIGHT($A7,1)) -> M | H7: =D7&"-"&F7 -> GER-1 | J7: GER265-1M | K7: GER | L7: 265 | M7: 1 | N7: M | O7: GER-1
A8: ='Case 3 data'!A7 -> ARG363-4Mo | B8: ='Case 3 data'!B7 -> Earl | C8: ='Case 3 data'!C7 -> Morgan | D8: {=LEFT($A8,MIN(FIND({0;1;2;3;4;5;6;7;8;9},$A8&"0123456789"))-1)} -> ARG | E8: {=MID($A8,MIN(FIND({0;1;2;3;4;5;6;7;8;9},$A8&"0123456789")),FIND("-",$A8)-MIN(FIND({0;1;2;3;4;5;6;7;8;9},$A8&"0123456789")))} -> 363 | F8: =MID($A8,FIND("-",$A8)+1,LEN($A8)-FIND("-",$A8)-LEN($G8)) -> 4 | G8: =IF(RIGHT($A8,2)="Mo","Mo",RIGHT($A8,1)) -> Mo | H8: =D8&"-"&F8 -> ARG-4 | J8: ARG363-4Mo | K8: Japan | L8: 363 | M8: 4 | N8: Mo | O8: Japan-4
A9: ='Case 3 data'!A8 -> Canada351-3W | B9: ='Case 3 data'!B8 -> Joella | C9: ='Case 3 data'!C8 -> Causey | D9: {=LEFT($A9,MIN(FIND({0;1;2;3;4;5;6;7;8;9},$A9&"0123456789"))-1)} -> Canada | E9: {=MID($A9,MIN(FIND({0;1;2;3;4;5;6;7;8;9},$A9&"0123456789")),FIND("-",$A9)-MIN(FIND({0;1;2;3;4;5;6;7;8;9},$A9&"0123456789")))} -> 351 | F9: =MID($A9,FIND("-",$A9)+1,LEN($A9)-FIND("-",$A9)-LEN($G9)) -> 3 | G9: =IF(RIGHT($A9,2)="Mo","Mo",RIGHT($A9,1)) -> W | H9: =D9&"-"&F9 -> Canada-3 | J9: Canada351-3W | K9: =LEFT(A9,3) -> Can | L9: 351 | M9: 3 | N9: W | O9: Can-3
A10: ='Case 3 data'!A9 -> Japan195-5W | B10: ='Case 3 data'!B9 -> Gregg | C10: ='Case 3 data'!C9 -> Kelly | D10: {=LEFT($A10,MIN(FIND({0;1;2;3;4;5;6;7;8;9},$A10&"0123456789"))-1)} -> Japan | E10: {=MID($A10,MIN(FIND({0;1;2;3;4;5;6;7;8;9},$A10&"0123456789")),FIND("-",$A10)-MIN(FIND({0;1;2;3;4;5;6;7;8;9},$A10&"0123456789")))} -> 195 | F10: =MID($A10,FIND("-",$A10)+1,LEN($A10)-FIND("-",$A10)-LEN($G10)) -> 5 | G10: =IF(RIGHT($A10,2)="Mo","Mo",RIGHT($A10,1)) -> W | H10: =D10&"-"&F10 -> Japan-5 | J10: Japan195-5W | K10: AUS | L10: 195 | M10: 5 | N10: W | O10: AUS-5
A11: ='Case 3 data'!A10 -> ARG529-1W | B11: ='Case 3 data'!B10 -> William | C11: ='Case 3 data'!C10 -> Reed | D11: {=LEFT($A11,MIN(FIND({0;1;2;3;4;5;6;7;8;9},$A11&"0123456789"))-1)} -> ARG | E11: {=MID($A11,MIN(FIND({0;1;2;3;4;5;6;7;8;9},$A11&"0123456789")),FIND("-",$A11)-MIN(FIND({0;1;2;3;4;5;6;7;8;9},$A11&"0123456789")))} -> 529 | F11: =MID($A11,FIND("-",$A11)+1,LEN($A11)-FIND("-",$A11)-LEN($G11)) -> 1 | G11: =IF(RIGHT($A11,2)="Mo","Mo",RIGHT($A11,1)) -> W | H11: =D11&"-"&F11 -> ARG-1 | J11: ARG529-1W | K11: GER | L11: 529 | M11: 1 | N11: W | O11: GER-1
A12: ='Case 3 data'!A11 -> ENG301-6W | B12: ='Case 3 data'!B11 -> Julia | C12: ='Case 3 data'!C11 -> Johnson | D12: {=LEFT($A12,MIN(FIND({0;1;2;3;4;5;6;7;8;9},$A12&"0123456789"))-1)} -> ENG | E12: {=MID($A12,MIN(FIND({0;1;2;3;4;5;6;7;8;9},$A12&"0123456789")),FIND("-",$A12)-MIN(FIND({0;1;2;3;4;5;6;7;8;9},$A12&"0123456789")))} -> 301 | F12: =MID($A12,FIND("-",$A12)+1,LEN($A12)-FIND("-",$A12)-LEN($G12)) -> 6 | G12: =IF(RIGHT($A12,2)="Mo","Mo",RIGHT($A12,1)) -> W | H12: =D12&"-"&F12 -> ENG-6 | J12: ENG301-6W | K12: GER | L12: 301 | M12: 6 | N12: W | O12: GER-6
A13: ='Case 3 data'!A12 -> AUS60-2M | B13: ='Case 3 data'!B12 -> Tonya | C13: ='Case 3 data'!C12 -> Ruiz | D13: {=LEFT($A13,MIN(FIND({0;1;2;3;4;5;6;7;8;9},$A13&"0123456789"))-1)} -> AUS | E13: {=MID($A13,MIN(FIND({0;1;2;3;4;5;6;7;8;9},$A13&"0123456789")),FIND("-",$A13)-MIN(FIND({0;1;2;3;4;5;6;7;8;9},$A13&"0123456789")))} -> 60 | F13: =MID($A13,FIND("-",$A13)+1,LEN($A13)-FIND("-",$A13)-LEN($G13)) -> 2 | G13: =IF(RIGHT($A13,2)="Mo","Mo",RIGHT($A13,1)) -> M | H13: =D13&"-"&F13 -> AUS-2 | J13: AUS60-2M | K13: Japan | L13: 60 | M13: 2 | N13: M | O13: Japan-2
A14: ='Case 3 data'!A13 -> ARG102-7Mo | B14: ='Case 3 data'!B13 -> Wayne | C14: ='Case 3 data'!C13 -> Howard | D14: {=LEFT($A14,MIN(FIND({0;1;2;3;4;5;6;7;8;9},$A14&"0123456789"))-1)} -> ARG | E14: {=MID($A14,MIN(FIND({0;1;2;3;4;5;6;7;8;9},$A14&"0123456789")),FIND("-",$A14)-MIN(FIND({0;1;2;3;4;5;6;7;8;9},$A14&"0123456789")))} -> 102 | F14: =MID($A14,FIND("-",$A14)+1,LEN($A14)-FIND("-",$A14)-LEN($G14)) -> 7 | G14: =IF(RIGHT($A14,2)="Mo","Mo",RIGHT($A14,1)) -> Mo | H14: =D14&"-"&F14 -> ARG-7 | J14: ARG102-7Mo | K14: =LEFT(A14,3) -> ARG | L14: 102 | M14: 7 | N14: Mo | O14: ARG-7
A15: ='Case 3 data'!A14 -> US219-8M | B15: ='Case 3 data'!B14 -> Samuel | C15: ='Case 3 data'!C14 -> Goodman | D15: {=LEFT($A15,MIN(FIND({0;1;2;3;4;5;6;7;8;9},$A15&"0123456789"))-1)} -> US | E15: {=MID($A15,MIN(FIND({0;1;2;3;4;5;6;7;8;9},$A15&"0123456789")),FIND("-",$A15)-MIN(FIND({0;1;2;3;4;5;6;7;8;9},$A15&"0123456789")))} -> 219 | F15: =MID($A15,FIND("-",$A15)+1,LEN($A15)-FIND("-",$A15)-LEN($G15)) -> 8 | G15: =IF(RIGHT($A15,2)="Mo","Mo",RIGHT($A15,1)) -> M | H15: =D15&"-"&F15 -> US-8 | J15: US219-8M | K15: AUS | L15: 219 | M15: 8 | N15: M | O15: AUS-8
A16: ='Case 3 data'!A15 -> Canada342-9W | B16: ='Case 3 data'!B15 -> Sean | C16: ='Case 3 data'!C15 -> Morgan | D16: {=LEFT($A16,MIN(FIND({0;1;2;3;4;5;6;7;8;9},$A16&"0123456789"))-1)} -> Canada | E16: {=MID($A16,MIN(FIND({0;1;2;3;4;5;6;7;8;9},$A16&"0123456789")),FIND("-",$A16)-MIN(FIND({0;1;2;3;4;5;6;7;8;9},$A16&"0123456789")))} -> 342 | F16: =MID($A16,FIND("-",$A16)+1,LEN($A16)-FIND("-",$A16)-LEN($G16)) -> 9 | G16: =IF(RIGHT($A16,2)="Mo","Mo",RIGHT($A16,1)) -> W | H16: =D16&"-"&F16 -> Canada-9 | J16: Canada342-9W | K16: GER | L16: 342 | M16: 9 | N16: W | O16: GER-9
A17: ='Case 3 data'!A16 -> US476-10W | B17: ='Case 3 data'!B16 -> Julie | C17: ='Case 3 data'!C16 -> Johnson | D17: {=LEFT($A17,MIN(FIND({0;1;2;3;4;5;6;7;8;9},$A17&"0123456789"))-1)} -> US | E17: {=MID($A17,MIN(FIND({0;1;2;3;4;5;6;7;8;9},$A17&"0123456789")),FIND("-",$A17)-MIN(FIND({0;1;2;3;4;5;6;7;8;9},$A17&"0123456789")))} -> 476 | F17: =MID($A17,FIND("-",$A17)+1,LEN($A17)-FIND("-",$A17)-LEN($G17)) -> 10 | G17: =IF(RIGHT($A17,2)="Mo","Mo",RIGHT($A17,1)) -> W | H17: =D17&"-"&F17 -> US-10 | J17: US476-10W | K17: GER | L17: 476 | M17: 10 | N17: W | O17: GER-10
A18: ='Case 3 data'!A17 -> MEX93-5M | B18: ='Case 3 data'!B17 -> Samuel | C18: ='Case 3 data'!C17 -> Perry | D18: {=LEFT($A18,MIN(FIND({0;1;2;3;4;5;6;7;8;9},$A18&"0123456789"))-1)} -> MEX | E18: {=MID($A18,MIN(FIND({0;1;2;3;4;5;6;7;8;9},$A18&"0123456789")),FIND("-",$A18)-MIN(FIND({0;1;2;3;4;5;6;7;8;9},$A18&"0123456789")))} -> 93 | F18: =MID($A18,FIND("-",$A18)+1,LEN($A18)-FIND("-",$A18)-LEN($G18)) -> 5 | G18: =IF(RIGHT($A18,2)="Mo","Mo",RIGHT($A18,1)) -> M | H18: =D18&"-"&F18 -> MEX-5 | J18: MEX93-5M | K18: Japan | L18: 93 | M18: 5 | N18: M | O18: Japan-5
A19: ='Case 3 data'!A18 -> ENG442-9Mo | B19: ='Case 3 data'!B18 -> Jarrod | C19: ='Case 3 data'!C18 -> Beckett | D19: {=LEFT($A19,MIN(FIND({0;1;2;3;4;5;6;7;8;9},$A19&"0123456789"))-1)} -> ENG | E19: {=MID($A19,MIN(FIND({0;1;2;3;4;5;6;7;8;9},$A19&"0123456789")),FIND("-",$A19)-MIN(FIND({0;1;2;3;4;5;6;7;8;9},$A19&"0123456789")))} -> 442 | F19: =MID($A19,FIND("-",$A19)+1,LEN($A19)-FIND("-",$A19)-LEN($G19)) -> 9 | G19: =IF(RIGHT($A19,2)="Mo","Mo",RIGHT($A19,1)) -> Mo | H19: =D19&"-"&F19 -> ENG-9 | J19: ENG442-9Mo | K19: =LEFT(A19,3) -> ENG | L19: 442 | M19: 9 | N19: Mo | O19: ENG-9
A20: ='Case 3 data'!A19 -> Canada17-7W | B20: ='Case 3 data'!B19 -> Lillian | C20: ='Case 3 data'!C19 -> Nelson | D20: {=LEFT($A20,MIN(FIND({0;1;2;3;4;5;6;7;8;9},$A20&"0123456789"))-1)} -> Canada | E20: {=MID($A20,MIN(FIND({0;1;2;3;4;5;6;7;8;9},$A20&"0123456789")),FIND("-",$A20)-MIN(FIND({0;1;2;3;4;5;6;7;8;9},$A20&"0123456789")))} -> 17 | F20: =MID($A20,FIND("-",$A20)+1,LEN($A20)-FIND("-",$A20)-LEN($G20)) -> 7 | G20: =IF(RIGHT($A20,2)="Mo","Mo",RIGHT($A20,1)) -> W | H20: =D20&"-"&F20 -> Canada-7 | J20: Canada17-7W | K20: AUS | L20: 17 | M20: 7 | N20: W | O20: AUS-7
A21: ='Case 3 data'!A20 -> ARG559-10W | B21: ='Case 3 data'!B20 -> Delfina | C21: ='Case 3 data'!C20 -> Brandon | D21: {=LEFT($A21,MIN(FIND({0;1;2;3;4;5;6;7;8;9},$A21&"0123456789"))-1)} -> ARG | E21: {=MID($A21,MIN(FIND({0;1;2;3;4;5;6;7;8;9},$A21&"0123456789")),FIND("-",$A21)-MIN(FIND({0;1;2;3;4;5;6;7;8;9},$A21&"0123456789")))} -> 559 | F21: =MID($A21,FIND("-",$A21)+1,LEN($A21)-FIND("-",$A21)-LEN($G21)) -> 10 | G21: =IF(RIGHT($A21,2)="Mo","Mo",RIGHT($A21,1)) -> W | H21: =D21&"-"&F21 -> ARG-10 | J21: ARG559-10W | K21: GER | L21: 559 | M21: 10 | N21: W | O21: GER-10
A22: ='Case 3 data'!A21 -> ENG389-10W | B22: ='Case 3 data'!B21 -> Shaun | C22: ='Case 3 data'!C21 -> Jacobs | D22: {=LEFT($A22,MIN(FIND({0;1;2;3;4;5;6;7;8;9},$A22&"0123456789"))-1)} -> ENG | E22: {=MID($A22,MIN(FIND({0;1;2;3;4;5;6;7;8;9},$A22&"0123456789")),FIND("-",$A22)-MIN(FIND({0;1;2;3;4;5;6;7;8;9},$A22&"0123456789")))} -> 389 | F22: =MID($A22,FIND("-",$A22)+1,LEN($A22)-FIND("-",$A22)-LEN($G22)) -> 10 | G22: =IF(RIGHT($A22,2)="Mo","Mo",RIGHT($A22,1)) -> W | H22: =D22&"-"&F22 -> ENG-10 | J22: ENG389-10W | K22: GER | L22: 389 | M22: 10 | N22: W | O22: GER-10
A23: ='Case 3 data'!A22 -> MEX121-11W | B23: ='Case 3 data'!B22 -> Theresa | C23: ='Case 3 data'!C22 -> Barnes | D23: {=LEFT($A23,MIN(FIND({0;1;2;3;4;5;6;7;8;9},$A23&"0123456789"))-1)} -> MEX | E23: {=MID($A23,MIN(FIND({0;1;2;3;4;5;6;7;8;9},$A23&"0123456789")),FIND("-",$A23)-MIN(FIND({0;1;2;3;4;5;6;7;8;9},$A23&"0123456789")))} -> 121 | F23: =MID($A23,FIND("-",$A23)+1,LEN($A23)-FIND("-",$A23)-LEN($G23)) -> 11 | G23: =IF(RIGHT($A23,2)="Mo","Mo",RIGHT($A23,1)) -> W | H23: =D23&"-"&F23 -> MEX-11 | J23: MEX121-11W | K23: Japan | L23: 121 | M23: 11 | N23: W | O23: Japan-11
A24: ='Case 3 data'!A23 -> ENG489-12W | B24: ='Case 3 data'!B23 -> Stephen | C24: ='Case 3 data'!C23 -> Powell | D24: {=LEFT($A24,MIN(FIND({0;1;2;3;4;5;6;7;8;9},$A24&"0123456789"))-1)} -> ENG | E24: {=MID($A24,MIN(FIND({0;1;2;3;4;5;6;7;8;9},$A24&"0123456789")),FIND("-",$A24)-MIN(FIND({0;1;2;3;4;5;6;7;8;9},$A24&"0123456789")))} -> 489 | F24: =MID($A24,FIND("-",$A24)+1,LEN($A24)-FIND("-",$A24)-LEN($G24)) -> 12 | G24: =IF(RIGHT($A24,2)="Mo","Mo",RIGHT($A24,1)) -> W | H24: =D24&"-"&F24 -> ENG-12 | J24: ENG489-12W | K24: =LEFT(A24,3) -> ENG | L24: 489 | M24: 12 | N24: W | O24: ENG-12
A25: ='Case 3 data'!A24 -> AUS88-10W | B25: ='Case 3 data'!B24 -> Queenie | C25: ='Case 3 data'!C24 -> Thibodeau | D25: {=LEFT($A25,MIN(FIND({0;1;2;3;4;5;6;7;8;9},$A25&"0123456789"))-1)} -> AUS | E25: {=MID($A25,MIN(FIND({0;1;2;3;4;5;6;7;8;9},$A25&"0123456789")),FIND("-",$A25)-MIN(FIND({0;1;2;3;4;5;6;7;8;9},$A25&"0123456789")))} -> 88 | F25: =MID($A25,FIND("-",$A25)+1,LEN($A25)-FIND("-",$A25)-LEN($G25)) -> 10 | G25: =IF(RIGHT($A25,2)="Mo","Mo",RIGHT($A25,1)) -> W | H25: =D25&"-"&F25 -> AUS-10 | J25: AUS88-10W | K25: AUS | L25: 88 | M25: 10 | N25: W | O25: AUS-10
A26: ='Case 3 data'!A25 -> AUS455-3W | B26: ='Case 3 data'!B25 -> Juan | C26: ='Case 3 data'!C25 -> King | D26: {=LEFT($A26,MIN(FIND({0;1;2;3;4;5;6;7;8;9},$A26&"0123456789"))-1)} -> AUS | E26: {=MID($A26,MIN(FIND({0;1;2;3;4;5;6;7;8;9},$A26&"0123456789")),FIND("-",$A26)-MIN(FIND({0;1;2;3;4;5;6;7;8;9},$A26&"0123456789")))} -> 455 | F26: =MID($A26,FIND("-",$A26)+1,LEN($A26)-FIND("-",$A26)-LEN($G26)) -> 3 | G26: =IF(RIGHT($A26,2)="Mo","Mo",RIGHT($A26,1)) -> W | H26: =D26&"-"&F26 -> AUS-3 | J26: AUS455-3W | K26: GER | L26: 455 | M26: 3 | N26: W | O26: GER-3
A27: ='Case 3 data'!A26 -> AUS491-13M | B27: ='Case 3 data'!B26 -> Laureen | C27: ='Case 3 data'!C26 -> Varney | D27: {=LEFT($A27,MIN(FIND({0;1;2;3;4;5;6;7;8;9},$A27&"0123456789"))-1)} -> AUS | E27: {=MID($A27,MIN(FIND({0;1;2;3;4;5;6;7;8;9},$A27&"0123456789")),FIND("-",$A27)-MIN(FIND({0;1;2;3;4;5;6;7;8;9},$A27&"0123456789")))} -> 491 | F27: =MID($A27,FIND("-",$A27)+1,LEN($A27)-FIND("-",$A27)-LEN($G27)) -> 13 | G27: =IF(RIGHT($A27,2)="Mo","Mo",RIGHT($A27,1)) -> M | H27: =D27&"-"&F27 -> AUS-13 | J27: AUS491-13M | K27: GER | L27: 491 | M27: 13 | N27: M | O27: GER-13
A28: ='Case 3 data'!A27 -> ENG193-10Mo | B28: ='Case 3 data'!B27 -> Anthony | C28: ='Case 3 data'!C27 -> Griffin | D28: {=LEFT($A28,MIN(FIND({0;1;2;3;4;5;6;7;8;9},$A28&"0123456789"))-1)} -> ENG | E28: {=MID($A28,MIN(FIND({0;1;2;3;4;5;6;7;8;9},$A28&"0123456789")),FIND("-",$A28)-MIN(FIND({0;1;2;3;4;5;6;7;8;9},$A28&"0123456789")))} -> 193 | F28: =MID($A28,FIND("-",$A28)+1,LEN($A28)-FIND("-",$A28)-LEN($G28)) -> 10 | G28: =IF(RIGHT($A28,2)="Mo","Mo",RIGHT($A28,1)) -> Mo | H28: =D28&"-"&F28 -> ENG-10 | J28: ENG193-10Mo | K28: Japan | L28: 193 | M28: 10 | N28: Mo | O28: Japan-10
A29: ='Case 3 data'!A28 -> ARG508-14W | B29: ='Case 3 data'!B28 -> Olga | C29: ='Case 3 data'!C28 -> Rowe | D29: {=LEFT($A29,MIN(FIND({0;1;2;3;4;5;6;7;8;9},$A29&"0123456789"))-1)} -> ARG | E29: {=MID($A29,MIN(FIND({0;1;2;3;4;5;6;7;8;9},$A29&"0123456789")),FIND("-",$A29)-MIN(FIND({0;1;2;3;4;5;6;7;8;9},$A29&"0123456789")))} -> 508 | F29: =MID($A29,FIND("-",$A29)+1,LEN($A29)-FIND("-",$A29)-LEN($G29)) -> 14 | G29: =IF(RIGHT($A29,2)="Mo","Mo",RIGHT($A29,1)) -> W | H29: =D29&"-"&F29 -> ARG-14 | J29: ARG508-14W | K29: =LEFT(A29,3) -> ARG | L29: 508 | M29: 14 | N29: W | O29: ARG-14
A30: ='Case 3 data'!A29 -> GER345-5M | B30: ='Case 3 data'!B29 -> Alyce | C30: ='Case 3 data'!C29 -> Rafferty | D30: {=LEFT($A30,MIN(FIND({0;1;2;3;4;5;6;7;8;9},$A30&"0123456789"))-1)} -> GER | E30: {=MID($A30,MIN(FIND({0;1;2;3;4;5;6;7;8;9},$A30&"0123456789")),FIND("-",$A30)-MIN(FIND({0;1;2;3;4;5;6;7;8;9},$A30&"0123456789")))} -> 345 | F30: =MID($A30,FIND("-",$A30)+1,LEN($A30)-FIND("-",$A30)-LEN($G30)) -> 5 | G30: =IF(RIGHT($A30,2)="Mo","Mo",RIGHT($A30,1)) -> M | H30: =D30&"-"&F30 -> GER-5 | J30: GER345-5M | K30: AUS | L30: 345 | M30: 5 | N30: M | O30: AUS-5
A31: ='Case 3 data'!A30 -> Japan428-2Mo | B31: ='Case 3 data'!B30 -> Janella | C31: ='Case 3 data'!C30 -> Lacey | D31: {=LEFT($A31,MIN(FIND({0;1;2;3;4;5;6;7;8;9},$A31&"0123456789"))-1)} -> Japan | E31: {=MID($A31,MIN(FIND({0;1;2;3;4;5;6;7;8;9},$A31&"0123456789")),FIND("-",$A31)-MIN(FIND({0;1;2;3;4;5;6;7;8;9},$A31&"0123456789")))} -> 428 | F31: =MID($A31,FIND("-",$A31)+1,LEN($A31)-FIND("-",$A31)-LEN($G31)) -> 2 | G31: =IF(RIGHT($A31,2)="Mo","Mo",RIGHT($A31,1)) -> Mo | H31: =D31&"-"&F31 -> Japan-2 | J31: Japan428-2Mo | K31: GER | L31: 428 | M31: 2 | N31: Mo | O31: GER-2
A32: ='Case 3 data'!A31 -> ARG116-9Mo | B32: ='Case 3 data'!B31 -> Lyndsay | C32: ='Case 3 data'!C31 -> Landry | D32: {=LEFT($A32,MIN(FIND({0;1;2;3;4;5;6;7;8;9},$A32&"0123456789"))-1)} -> ARG | E32: {=MID($A32,MIN(FIND({0;1;2;3;4;5;6;7;8;9},$A32&"0123456789")),FIND("-",$A32)-MIN(FIND({0;1;2;3;4;5;6;7;8;9},$A32&"0123456789")))} -> 116 | F32: =MID($A32,FIND("-",$A32)+1,LEN($A32)-FIND("-",$A32)-LEN($G32)) -> 9 | G32: =IF(RIGHT($A32,2)="Mo","Mo",RIGHT($A32,1)) -> Mo | H32: =D32&"-"&F32 -> ARG-9 | J32: ARG116-9Mo | K32: GER | L32: 116 | M32: 9 | N32: Mo | O32: GER-9
A33: ='Case 3 data'!A32 -> Canada213-4M | B33: ='Case 3 data'!B32 -> Elvina | C33: ='Case 3 data'!C32 -> Dickens | D33: {=LEFT($A33,MIN(FIND({0;1;2;3;4;5;6;7;8;9},$A33&"0123456789"))-1)} -> Canada | E33: {=MID($A33,MIN(FIND({0;1;2;3;4;5;6;7;8;9},$A33&"0123456789")),FIND("-",$A33)-MIN(FIND({0;1;2;3;4;5;6;7;8;9},$A33&"0123456789")))} -> 213 | F33: =MID($A33,FIND("-",$A33)+1,LEN($A33)-FIND("-",$A33)-LEN($G33)) -> 4 | G33: =IF(RIGHT($A33,2)="Mo","Mo",RIGHT($A33,1)) -> M | H33: =D33&"-"&F33 -> Canada-4 | J33: Canada213-4M | K33: Japan | L33: 213 | M33: 4 | N33: M | O33: Japan-4
A34: ='Case 3 data'!A33 -> ENG208-2W | B34: ='Case 3 data'!B33 -> Lois | C34: ='Case 3 data'!C33 -> Flores | D34: {=LEFT($A34,MIN(FIND({0;1;2;3;4;5;6;7;8;9},$A34&"0123456789"))-1)} -> ENG | E34: {=MID($A34,MIN(FIND({0;1;2;3;4;5;6;7;8;9},$A34&"0123456789")),FIND("-",$A34)-MIN(FIND({0;1;2;3;4;5;6;7;8;9},$A34&"0123456789")))} -> 208 | F34: =MID($A34,FIND("-",$A34)+1,LEN($A34)-FIND("-",$A34)-LEN($G34)) -> 2 | G34: =IF(RIGHT($A34,2)="Mo","Mo",RIGHT($A34,1)) -> W | H34: =D34&"-"&F34 -> ENG-2 | J34: ENG208-2W | K34: =LEFT(A34,3) -> ENG | L34: 208 | M34: 2 | N34: W | O34: ENG-2
A35: ='Case 3 data'!A34 -> MEX7-9M | B35: ='Case 3 data'!B34 -> Gonzalo | C35: ='Case 3 data'!C34 -> Rigby | D35: {=LEFT($A35,MIN(FIND({0;1;2;3;4;5;6;7;8;9},$A35&"0123456789"))-1)} -> MEX | E35: {=MID($A35,MIN(FIND({0;1;2;3;4;5;6;7;8;9},$A35&"0123456789")),FIND("-",$A35)-MIN(FIND({0;1;2;3;4;5;6;7;8;9},$A35&"0123456789")))} -> 7 | F35: =MID($A35,FIND("-",$A35)+1,LEN($A35)-FIND("-",$A35)-LEN($G35)) -> 9 | G35: =IF(RIGHT($A35,2)="Mo","Mo",RIGHT($A35,1)) -> M | H35: =D35&"-"&F35 -> MEX-9 | J35: MEX7-9M | K35: AUS | L35: 7 | M35: 9 | N35: M | O35: AUS-9
A36: ='Case 3 data'!A35 -> ARG56-15W | B36: ='Case 3 data'!B35 -> John | C36: ='Case 3 data'!C35 -> Parker | D36: {=LEFT($A36,MIN(FIND({0;1;2;3;4;5;6;7;8;9},$A36&"0123456789"))-1)} -> ARG | E36: {=MID($A36,MIN(FIND({0;1;2;3;4;5;6;7;8;9},$A36&"0123456789")),FIND("-",$A36)-MIN(FIND({0;1;2;3;4;5;6;7;8;9},$A36&"0123456789")))} -> 56 | F36: =MID($A36,FIND("-",$A36)+1,LEN($A36)-FIND("-",$A36)-LEN($G36)) -> 15 | G36: =IF(RIGHT($A36,2)="Mo","Mo",RIGHT($A36,1)) -> W | H36: =D36&"-"&F36 -> ARG-15 | J36: ARG56-15W | K36: GER | L36: 56 | M36: 15 | N36: W | O36: GER-15
A37: ='Case 3 data'!A36 -> US404-6W | B37: ='Case 3 data'!B36 -> Olive | C37: ='Case 3 data'!C36 -> Romero | D37: {=LEFT($A37,MIN(FIND({0;1;2;3;4;5;6;7;8;9},$A37&"0123456789"))-1)} -> US | E37: {=MID($A37,MIN(FIND({0;1;2;3;4;5;6;7;8;9},$A37&"0123456789")),FIND("-",$A37)-MIN(FIND({0;1;2;3;4;5;6;7;8;9},$A37&"0123456789")))} -> 404 | F37: =MID($A37,FIND("-",$A37)+1,LEN($A37)-FIND("-",$A37)-LEN($G37)) -> 6 | G37: =IF(RIGHT($A37,2)="Mo","Mo",RIGHT($A37,1)) -> W | H37: =D37&"-"&F37 -> US-6 | J37: US404-6W | K37: GER | L37: 404 | M37: 6 | N37: W | O37: GER-6
A38: ='Case 3 data'!A37 -> ARG43-9Mo | B38: ='Case 3 data'!B37 -> Emmitt | C38: ='Case 3 data'!C37 -> Valles | D38: {=LEFT($A38,MIN(FIND({0;1;2;3;4;5;6;7;8;9},$A38&"0123456789"))-1)} -> ARG | E38: {=MID($A38,MIN(FIND({0;1;2;3;4;5;6;7;8;9},$A38&"0123456789")),FIND("-",$A38)-MIN(FIND({0;1;2;3;4;5;6;7;8;9},$A38&"0123456789")))} -> 43 | F38: =MID($A38,FIND("-",$A38)+1,LEN($A38)-FIND("-",$A38)-LEN($G38)) -> 9 | G38: =IF(RIGHT($A38,2)="Mo","Mo",RIGHT($A38,1)) -> Mo | H38: =D38&"-"&F38 -> ARG-9 | J38: ARG43-9Mo | K38: Japan | L38: 43 | M38: 9 | N38: Mo | O38: Japan-9
A39: ='Case 3 data'!A38 -> GER188-9M | B39: ='Case 3 data'!B38 -> Vernia | C39: ='Case 3 data'!C38 -> Mccrary | D39: {=LEFT($A39,MIN(FIND({0;1;2;3;4;5;6;7;8;9},$A39&"0123456789"))-1)} -> GER | E39: {=MID($A39,MIN(FIND({0;1;2;3;4;5;6;7;8;9},$A39&"0123456789")),FIND("-",$A39)-MIN(FIND({0;1;2;3;4;5;6;7;8;9},$A39&"0123456789")))} -> 188 | F39: =MID($A39,FIND("-",$A39)+1,LEN($A39)-FIND("-",$A39)-LEN($G39)) -> 9 | G39: =IF(RIGHT($A39,2)="Mo","Mo",RIGHT($A39,1)) -> M | H39: =D39&"-"&F39 -> GER-9 | J39: GER188-9M | K39: =LEFT(A39,3) -> GER | L39: 188 | M39: 9 | N39: M | O39: GER-9
A40: ='Case 3 data'!A39 -> AUS275-8W | B40: ='Case 3 data'!B39 -> Michelle | C40: ='Case 3 data'!C39 -> Campbell | D40: {=LEFT($A40,MIN(FIND({0;1;2;3;4;5;6;7;8;9},$A40&"0123456789"))-1)} -> AUS | E40: {=MID($A40,MIN(FIND({0;1;2;3;4;5;6;7;8;9},$A40&"0123456789")),FIND("-",$A40)-MIN(FIND({0;1;2;3;4;5;6;7;8;9},$A40&"0123456789")))} -> 275 | F40: =MID($A40,FIND("-",$A40)+1,LEN($A40)-FIND("-",$A40)-LEN($G40)) -> 8 | G40: =IF(RIGHT($A40,2)="Mo","Mo",RIGHT($A40,1)) -> W | H40: =D40&"-"&F40 -> AUS-8 | J40: AUS275-8W | K40: AUS | L40: 275 | M40: 8 | N40: W | O40: AUS-8
A41: ='Case 3 data'!A40 -> ENG563-9W | B41: ='Case 3 data'!B40 -> Demarcus | C41: ='Case 3 data'!C40 -> Mcgregor | D41: {=LEFT($A41,MIN(FIND({0;1;2;3;4;5;6;7;8;9},$A41&"0123456789"))-1)} -> ENG | E41: {=MID($A41,MIN(FIND({0;1;2;3;4;5;6;7;8;9},$A41&"0123456789")),FIND("-",$A41)-MIN(FIND({0;1;2;3;4;5;6;7;8;9},$A41&"0123456789")))} -> 563 | F41: =MID($A41,FIND("-",$A41)+1,LEN($A41)-FIND("-",$A41)-LEN($G41)) -> 9 | G41: =IF(RIGHT($A41,2)="Mo","Mo",RIGHT($A41,1)) -> W | H41: =D41&"-"&F41 -> ENG-9 | J41: ENG563-9W | K41: GER | L41: 563 | M41: 9 | N41: W | O41: GER-9
A42: ='Case 3 data'!A41 -> ENG543-14M | B42: ='Case 3 data'!B41 -> Jeremy | C42: ='Case 3 data'!C41 -> Rogers | D42: {=LEFT($A42,MIN(FIND({0;1;2;3;4;5;6;7;8;9},$A42&"0123456789"))-1)} -> ENG | E42: {=MID($A42,MIN(FIND({0;1;2;3;4;5;6;7;8;9},$A42&"0123456789")),FIND("-",$A42)-MIN(FIND({0;1;2;3;4;5;6;7;8;9},$A42&"0123456789")))} -> 543 | F42: =MID($A42,FIND("-",$A42)+1,LEN($A42)-FIND("-",$A42)-LEN($G42)) -> 14 | G42: =IF(RIGHT($A42,2)="Mo","Mo",RIGHT($A42,1)) -> M | H42: =D42&"-"&F42 -> ENG-14 | J42: ENG543-14M | K42: GER | L42: 543 | M42: 14 | N42: M | O42: GER-14
A43: ='Case 3 data'!A42 -> ENG23-6W | B43: ='Case 3 data'!B42 -> Michelle | C43: ='Case 3 data'!C42 -> Peters | D43: {=LEFT($A43,MIN(FIND({0;1;2;3;4;5;6;7;8;9},$A43&"0123456789"))-1)} -> ENG | E43: {=MID($A43,MIN(FIND({0;1;2;3;4;5;6;7;8;9},$A43&"0123456789")),FIND("-",$A43)-MIN(FIND({0;1;2;3;4;5;6;7;8;9},$A43&"0123456789")))} -> 23 | F43: =MID($A43,FIND("-",$A43)+1,LEN($A43)-FIND("-",$A43)-LEN($G43)) -> 6 | G43: =IF(RIGHT($A43,2)="Mo","Mo",RIGHT($A43,1)) -> W | H43: =D43&"-"&F43 -> ENG-6 | J43: ENG23-6W | K43: Japan | L43: 23 | M43: 6 | N43: W | O43: Japan-6
A44: ='Case 3 data'!A43 -> MEX490-7W | B44: ='Case 3 data'!B43 -> Dian | C44: ='Case 3 data'!C43 -> Winchester | D44: {=LEFT($A44,MIN(FIND({0;1;2;3;4;5;6;7;8;9},$A44&"0123456789"))-1)} -> MEX | E44: {=MID($A44,MIN(FIND({0;1;2;3;4;5;6;7;8;9},$A44&"0123456789")),FIND("-",$A44)-MIN(FIND({0;1;2;3;4;5;6;7;8;9},$A44&"0123456789")))} -> 490 | F44: =MID($A44,FIND("-",$A44)+1,LEN($A44)-FIND("-",$A44)-LEN($G44)) -> 7 | G44: =IF(RIGHT($A44,2)="Mo","Mo",RIGHT($A44,1)) -> W | H44: =D44&"-"&F44 -> MEX-7 | J44: MEX490-7W | K44: =LEFT(A44,3) -> MEX | L44: 490 | M44: 7 | N44: W | O44: MEX-7
A45: ='Case 3 data'!A44 -> Japan114-1W | B45: ='Case 3 data'!B44 -> Steven | C45: ='Case 3 data'!C44 -> Russell | D45: {=LEFT($A45,MIN(FIND({0;1;2;3;4;5;6;7;8;9},$A45&"0123456789"))-1)} -> Japan | E45: {=MID($A45,MIN(FIND({0;1;2;3;4;5;6;7;8;9},$A45&"0123456789")),FIND("-",$A45)-MIN(FIND({0;1;2;3;4;5;6;7;8;9},$A45&"0123456789")))} -> 114 | F45: =MID($A45,FIND("-",$A45)+1,LEN($A45)-FIND("-",$A45)-LEN($G45)) -> 1 | G45: =IF(RIGHT($A45,2)="Mo","Mo",RIGHT($A45,1)) -> W | H45: =D45&"-"&F45 -> Japan-1 | J45: Japan114-1W | K45: AUS | L45: 114 | M45: 1 | N45: W | O45: AUS-1
A46: ='Case 3 data'!A45 -> ENG444-4Mo | B46: ='Case 3 data'!B45 -> Hank | C46: ='Case 3 data'!C45 -> Thorpe | D46: {=LEFT($A46,MIN(FIND({0;1;2;3;4;5;6;7;8;9},$A46&"0123456789"))-1)} -> ENG | E46: {=MID($A46,MIN(FIND({0;1;2;3;4;5;6;7;8;9},$A46&"0123456789")),FIND("-",$A46)-MIN(FIND({0;1;2;3;4;5;6;7;8;9},$A46&"0123456789")))} -> 444 | F46: =MID($A46,FIND("-",$A46)+1,LEN($A46)-FIND("-",$A46)-LEN($G46)) -> 4 | G46: =IF(RIGHT($A46,2)="Mo","Mo",RIGHT($A46,1)) -> Mo | H46: =D46&"-"&F46 -> ENG-4 | J46: ENG444-4Mo | K46: GER | L46: 444 | M46: 4 | N46: Mo | O46: GER-4
A47: ='Case 3 data'!A46 -> AUS331-2Mo | B47: ='Case 3 data'!B46 -> Lori | C47: ='Case 3 data'!C46 -> Ward | D47: {=LEFT($A47,MIN(FIND({0;1;2;3;4;5;6;7;8;9},$A47&"0123456789"))-1)} -> AUS | E47: {=MID($A47,MIN(FIND({0;1;2;3;4;5;6;7;8;9},$A47&"0123456789")),FIND("-",$A47)-MIN(FIND({0;1;2;3;4;5;6;7;8;9},$A47&"0123456789")))} -> 331 | F47: =MID($A47,FIND("-",$A47)+1,LEN($A47)-FIND("-",$A47)-LEN($G47)) -> 2 | G47: =IF(RIGHT($A47,2)="Mo","Mo",RIGHT($A47,1)) -> Mo | H47: =D47&"-"&F47 -> AUS-2 | J47: AUS331-2Mo | K47: GER | L47: 331 | M47: 2 | N47: Mo | O47: GER-2
A48: ='Case 3 data'!A47 -> Canada118-14M | B48: ='Case 3 data'!B47 -> Lori | C48: ='Case 3 data'!C47 -> Price | D48: {=LEFT($A48,MIN(FIND({0;1;2;3;4;5;6;7;8;9},$A48&"0123456789"))-1)} -> Canada | E48: {=MID($A48,MIN(FIND({0;1;2;3;4;5;6;7;8;9},$A48&"0123456789")),FIND("-",$A48)-MIN(FIND({0;1;2;3;4;5;6;7;8;9},$A48&"0123456789")))} -> 118 | F48: =MID($A48,FIND("-",$A48)+1,LEN($A48)-FIND("-",$A48)-LEN($G48)) -> 14 | G48: =IF(RIGHT($A48,2)="Mo","Mo",RIGHT($A48,1)) -> M | H48: =D48&"-"&F48 -> Canada-14 | J48: Canada118-14M | K48: Japan | L48: 118 | M48: 14 | N48: M | O48: Japan-14
A49: ='Case 3 data'!A48 -> Japan572-15Mo | B49: ='Case 3 data'!B48 -> Norma | C49: ='Case 3 data'!C48 -> Steele | D49: {=LEFT($A49,MIN(FIND({0;1;2;3;4;5;6;7;8;9},$A49&"0123456789"))-1)} -> Japan | E49: {=MID($A49,MIN(FIND({0;1;2;3;4;5;6;7;8;9},$A49&"0123456789")),FIND("-",$A49)-MIN(FIND({0;1;2;3;4;5;6;7;8;9},$A49&"0123456789")))} -> 572 | F49: =MID($A49,FIND("-",$A49)+1,LEN($A49)-FIND("-",$A49)-LEN($G49)) -> 15 | G49: =IF(RIGHT($A49,2)="Mo","Mo",RIGHT($A49,1)) -> Mo | H49: =D49&"-"&F49 -> Japan-15 | J49: Japan572-15Mo | K49: =LEFT(A49,3) -> Jap | L49: 572 | M49: 15 | N49: Mo | O49: Jap-15
A50: ='Case 3 data'!A49 -> Canada122-5M | B50: ='Case 3 data'!B49 -> Jaye | C50: ='Case 3 data'!C49 -> Wick | D50: {=LEFT($A50,MIN(FIND({0;1;2;3;4;5;6;7;8;9},$A50&"0123456789"))-1)} -> Canada | E50: {=MID($A50,MIN(FIND({0;1;2;3;4;5;6;7;8;9},$A50&"0123456789")),FIND("-",$A50)-MIN(FIND({0;1;2;3;4;5;6;7;8;9},$A50&"0123456789")))} -> 122 | F50: =MID($A50,FIND("-",$A50)+1,LEN($A50)-FIND("-",$A50)-LEN($G50)) -> 5 | G50: =IF(RIGHT($A50,2)="Mo","Mo",RIGHT($A50,1)) -> M | H50: =D50&"-"&F50 -> Canada-5 | J50: Canada122-5M | K50: AUS | L50: 122 | M50: 5 | N50: M | O50: AUS-5
A51: ='Case 3 data'!A50 -> US526-12Mo | B51: ='Case 3 data'!B50 -> Terry | C51: ='Case 3 data'!C50 -> Coleman | D51: {=LEFT($A51,MIN(FIND({0;1;2;3;4;5;6;7;8;9},$A51&"0123456789"))-1)} -> US | E51: {=MID($A51,MIN(FIND({0;1;2;3;4;5;6;7;8;9},$A51&"0123456789")),FIND("-",$A51)-MIN(FIND({0;1;2;3;4;5;6;7;8;9},$A51&"0123456789")))} -> 526 | F51: =MID($A51,FIND("-",$A51)+1,LEN($A51)-FIND("-",$A51)-LEN($G51)) -> 12 | G51: =IF(RIGHT($A51,2)="Mo","Mo",RIGHT($A51,1)) -> Mo | H51: =D51&"-"&F51 -> US-12 | J51: US526-12Mo | K51: GER | L51: 526 | M51: 12 | N51: Mo | O51: GER-12
A52: ='Case 3 data'!A51 -> Japan585-6M | B52: ='Case 3 data'!B51 -> Kathleen | C52: ='Case 3 data'!C51 -> Garcia | D52: {=LEFT($A52,MIN(FIND({0;1;2;3;4;5;6;7;8;9},$A52&"0123456789"))-1)} -> Japan | E52: {=MID($A52,MIN(FIND({0;1;2;3;4;5;6;7;8;9},$A52&"0123456789")),FIND("-",$A52)-MIN(FIND({0;1;2;3;4;5;6;7;8;9},$A52&"0123456789")))} -> 585 | F52: =MID($A52,FIND("-",$A52)+1,LEN($A52)-FIND("-",$A52)-LEN($G52)) -> 6 | G52: =IF(RIGHT($A52,2)="Mo","Mo",RIGHT($A52,1)) -> M | H52: =D52&"-"&F52 -> Japan-6 | J52: Japan585-6M | K52: GER | L52: 585 | M52: 6 | N52: M | O52: GER-6
A53: ='Case 3 data'!A52 -> ENG398-15M | B53: ='Case 3 data'!B52 -> Raul | C53: ='Case 3 data'!C52 -> Brewer | D53: {=LEFT($A53,MIN(FIND({0;1;2;3;4;5;6;7;8;9},$A53&"0123456789"))-1)} -> ENG | E53: {=MID($A53,MIN(FIND({0;1;2;3;4;5;6;7;8;9},$A53&"0123456789")),FIND("-",$A53)-MIN(FIND({0;1;2;3;4;5;6;7;8;9},$A53&"0123456789")))} -> 398 | F53: =MID($A53,FIND("-",$A53)+1,LEN($A53)-FIND("-",$A53)-LEN($G53)) -> 15 | G53: =IF(RIGHT($A53,2)="Mo","Mo",RIGHT($A53,1)) -> M | H53: =D53&"-"&F53 -> ENG-15 | J53: ENG398-15M | K53: Japan | L53: 398 | M53: 15 | N53: M | O53: Japan-15
A54: ='Case 3 data'!A53 -> Japan320-14Mo | B54: ='Case 3 data'!B53 -> Peter | C54: ='Case 3 data'!C53 -> Thompson | D54: {=LEFT($A54,MIN(FIND({0;1;2;3;4;5;6;7;8;9},$A54&"0123456789"))-1)} -> Japan | E54: {=MID($A54,MIN(FIND({0;1;2;3;4;5;6;7;8;9},$A54&"0123456789")),FIND("-",$A54)-MIN(FIND({0;1;2;3;4;5;6;7;8;9},$A54&"0123456789")))} -> 320 | F54: =MID($A54,FIND("-",$A54)+1,LEN($A54)-FIND("-",$A54)-LEN($G54)) -> 14 | G54: =IF(RIGHT($A54,2)="Mo","Mo",RIGHT($A54,1)) -> Mo | H54: =D54&"-"&F54 -> Japan-14 | J54: Japan320-14Mo | K54: =LEFT(A54,3) -> Jap | L54: 320 | M54: 14 | N54: Mo | O54: Jap-14
A55: ='Case 3 data'!A54 -> US141-2W | B55: ='Case 3 data'!B54 -> Theo | C55: ='Case 3 data'!C54 -> Vo | D55: {=LEFT($A55,MIN(FIND({0;1;2;3;4;5;6;7;8;9},$A55&"0123456789"))-1)} -> US | E55: {=MID($A55,MIN(FIND({0;1;2;3;4;5;6;7;8;9},$A55&"0123456789")),FIND("-",$A55)-MIN(FIND({0;1;2;3;4;5;6;7;8;9},$A55&"0123456789")))} -> 141 | F55: =MID($A55,FIND("-",$A55)+1,LEN($A55)-FIND("-",$A55)-LEN($G55)) -> 2 | G55: =IF(RIGHT($A55,2)="Mo","Mo",RIGHT($A55,1)) -> W | H55: =D55&"-"&F55 -> US-2 | J55: US141-2W | K55: AUS | L55: 141 | M55: 2 | N55: W | O55: AUS-2
A56: ='Case 3 data'!A55 -> Canada329-4W | B56: ='Case 3 data'!B55 -> Luanne | C56: ='Case 3 data'!C55 -> Farr | D56: {=LEFT($A56,MIN(FIND({0;1;2;3;4;5;6;7;8;9},$A56&"0123456789"))-1)} -> Canada | E56: {=MID($A56,MIN(FIND({0;1;2;3;4;5;6;7;8;9},$A56&"0123456789")),FIND("-",$A56)-MIN(FIND({0;1;2;3;4;5;6;7;8;9},$A56&"0123456789")))} -> 329 | F56: =MID($A56,FIND("-",$A56)+1,LEN($A56)-FIND("-",$A56)-LEN($G56)) -> 4 | G56: =IF(RIGHT($A56,2)="Mo","Mo",RIGHT($A56,1)) -> W | H56: =D56&"-"&F56 -> Canada-4 | J56: Canada329-4W | K56: GER | L56: 329 | M56: 4 | N56: W | O56: GER-4
A57: ='Case 3 data'!A56 -> ARG421-16Mo | B57: ='Case 3 data'!B56 -> Larry | C57: ='Case 3 data'!C56 -> Ward | D57: {=LEFT($A57,MIN(FIND({0;1;2;3;4;5;6;7;8;9},$A57&"0123456789"))-1)} -> ARG | E57: {=MID($A57,MIN(FIND({0;1;2;3;4;5;6;7;8;9},$A57&"0123456789")),FIND("-",$A57)-MIN(FIND({0;1;2;3;4;5;6;7;8;9},$A57&"0123456789")))} -> 421 | F57: =MID($A57,FIND("-",$A57)+1,LEN($A57)-FIND("-",$A57)-LEN($G57)) -> 16 | G57: =IF(RIGHT($A57,2)="Mo","Mo",RIGHT($A57,1)) -> Mo | H57: =D57&"-"&F57 -> ARG-16 | J57: ARG421-16Mo | K57: GER | L57: 421 | M57: 16 | N57: Mo | O57: GER-16
A58: ='Case 3 data'!A57 -> ARG427-13Mo | B58: ='Case 3 data'!B57 -> Linda | C58: ='Case 3 data'!C57 -> Peterson | D58: {=LEFT($A58,MIN(FIND({0;1;2;3;4;5;6;7;8;9},$A58&"0123456789"))-1)} -> ARG | E58: {=MID($A58,MIN(FIND({0;1;2;3;4;5;6;7;8;9},$A58&"0123456789")),FIND("-",$A58)-MIN(FIND({0;1;2;3;4;5;6;7;8;9},$A58&"0123456789")))} -> 427 | F58: =MID($A58,FIND("-",$A58)+1,LEN($A58)-FIND("-",$A58)-LEN($G58)) -> 13 | G58: =IF(RIGHT($A58,2)="Mo","Mo",RIGHT($A58,1)) -> Mo | H58: =D58&"-"&F58 -> ARG-13 | J58: ARG427-13Mo | K58: Japan | L58: 427 | M58: 13 | N58: Mo | O58: Japan-13
A59: ='Case 3 data'!A58 -> GER220-4M | B59: ='Case 3 data'!B58 -> Titus | C59: ='Case 3 data'!C58 -> Maclean | D59: {=LEFT($A59,MIN(FIND({0;1;2;3;4;5;6;7;8;9},$A59&"0123456789"))-1)} -> GER | E59: {=MID($A59,MIN(FIND({0;1;2;3;4;5;6;7;8;9},$A59&"0123456789")),FIND("-",$A59)-MIN(FIND({0;1;2;3;4;5;6;7;8;9},$A59&"0123456789")))} -> 220 | F59: =MID($A59,FIND("-",$A59)+1,LEN($A59)-FIND("-",$A59)-LEN($G59)) -> 4 | G59: =IF(RIGHT($A59,2)="Mo","Mo",RIGHT($A59,1)) -> M | H59: =D59&"-"&F59 -> GER-4 | J59: GER220-4M | K59: =LEFT(A59,3) -> GER | L59: 220 | M59: 4 | N59: M | O59: GER-4
A60: ='Case 3 data'!A59 -> MEX223-8M | B60: ='Case 3 data'!B59 -> Norman | C60: ='Case 3 data'!C59 -> Henderson | D60: {=LEFT($A60,MIN(FIND({0;1;2;3;4;5;6;7;8;9},$A60&"0123456789"))-1)} -> MEX | E60: {=MID($A60,MIN(FIND({0;1;2;3;4;5;6;7;8;9},$A60&"0123456789")),FIND("-",$A60)-MIN(FIND({0;1;2;3;4;5;6;7;8;9},$A60&"0123456789")))} -> 223 | F60: =MID($A60,FIND("-",$A60)+1,LEN($A60)-FIND("-",$A60)-LEN($G60)) -> 8 | G60: =IF(RIGHT($A60,2)="Mo","Mo",RIGHT($A60,1)) -> M | H60: =D60&"-"&F60 -> MEX-8 | J60: MEX223-8M | K60: AUS | L60: 223 | M60: 8 | N60: M | O60: AUS-8
A61: ='Case 3 data'!A60 -> US257-17M | B61: ='Case 3 data'!B60 -> Elmira | C61: ='Case 3 data'!C60 -> Sommers | D61: {=LEFT($A61,MIN(FIND({0;1;2;3;4;5;6;7;8;9},$A61&"0123456789"))-1)} -> US | E61: {=MID($A61,MIN(FIND({0;1;2;3;4;5;6;7;8;9},$A61&"0123456789")),FIND("-",$A61)-MIN(FIND({0;1;2;3;4;5;6;7;8;9},$A61&"0123456789")))} -> 257 | F61: =MID($A61,FIND("-",$A61)+1,LEN($A61)-FIND("-",$A61)-LEN($G61)) -> 17 | G61: =IF(RIGHT($A61,2)="Mo","Mo",RIGHT($A61,1)) -> M | H61: =D61&"-"&F61 -> US-17 | J61: US257-17M | K61: GER | L61: 257 | M61: 17 | N61: M | O61: GER-17
A62: ='Case 3 data'!A61 -> Canada289-15W | B62: ='Case 3 data'!B61 -> Kelly | C62: ='Case 3 data'!C61 -> Mitchell | D62: {=LEFT($A62,MIN(FIND({0;1;2;3;4;5;6;7;8;9},$A62&"0123456789"))-1)} -> Canada | E62: {=MID($A62,MIN(FIND({0;1;2;3;4;5;6;7;8;9},$A62&"0123456789")),FIND("-",$A62)-MIN(FIND({0;1;2;3;4;5;6;7;8;9},$A62&"0123456789")))} -> 289 | F62: =MID($A62,FIND("-",$A62)+1,LEN($A62)-FIND("-",$A62)-LEN($G62)) -> 15 | G62: =IF(RIGHT($A62,2)="Mo","Mo",RIGHT($A62,1)) -> W | H62: =D62&"-"&F62 -> Canada-15 | J62: Canada289-15W | K62: GER | L62: 289 | M62: 15 | N62: W | O62: GER-15
A63: ='Case 3 data'!A62 -> US98-6Mo | B63: ='Case 3 data'!B62 -> Minnie | C63: ='Case 3 data'!C62 -> Snyder | D63: {=LEFT($A63,MIN(FIND({0;1;2;3;4;5;6;7;8;9},$A63&"0123456789"))-1)} -> US | E63: {=MID($A63,MIN(FIND({0;1;2;3;4;5;6;7;8;9},$A63&"0123456789")),FIND("-",$A63)-MIN(FIND({0;1;2;3;4;5;6;7;8;9},$A63&"0123456789")))} -> 98 | F63: =MID($A63,FIND("-",$A63)+1,LEN($A63)-FIND("-",$A63)-LEN($G63)) -> 6 | G63: =IF(RIGHT($A63,2)="Mo","Mo",RIGHT($A63,1)) -> Mo | H63: =D63&"-"&F63 -> US-6 | J63: US98-6Mo | K63: Japan | L63: 98 | M63: 6 | N63: Mo | O63: Japan-6
A64: ='Case 3 data'!A63 -> AUS24-7W | B64: ='Case 3 data'!B63 -> Selina | C64: ='Case 3 data'!C63 -> Varela | D64: {=LEFT($A64,MIN(FIND({0;1;2;3;4;5;6;7;8;9},$A64&"0123456789"))-1)} -> AUS | E64: {=MID($A64,MIN(FIND({0;1;2;3;4;5;6;7;8;9},$A64&"0123456789")),FIND("-",$A64)-MIN(FIND({0;1;2;3;4;5;6;7;8;9},$A64&"0123456789")))} -> 24 | F64: =MID($A64,FIND("-",$A64)+1,LEN($A64)-FIND("-",$A64)-LEN($G64)) -> 7 | G64: =IF(RIGHT($A64,2)="Mo","Mo",RIGHT($A64,1)) -> W | H64: =D64&"-"&F64 -> AUS-7 | J64: AUS24-7W | K64: =LEFT(A64,3) -> AUS | L64: 24 | M64: 7 | N64: W | O64: AUS-7
A65: ='Case 3 data'!A64 -> ENG557-4W | B65: ='Case 3 data'!B64 -> Lelia | C65: ='Case 3 data'!C64 -> Wentz | D65: {=LEFT($A65,MIN(FIND({0;1;2;3;4;5;6;7;8;9},$A65&"0123456789"))-1)} -> ENG | E65: {=MID($A65,MIN(FIND({0;1;2;3;4;5;6;7;8;9},$A65&"0123456789")),FIND("-",$A65)-MIN(FIND({0;1;2;3;4;5;6;7;8;9},$A65&"0123456789")))} -> 557 | F65: =MID($A65,FIND("-",$A65)+1,LEN($A65)-FIND("-",$A65)-LEN($G65)) -> 4 | G65: =IF(RIGHT($A65,2)="Mo","Mo",RIGHT($A65,1)) -> W | H65: =D65&"-"&F65 -> ENG-4 | J65: ENG557-4W | K65: AUS | L65: 557 | M65: 4 | N65: W | O65: AUS-4
A66: ='Case 3 data'!A65 -> AUS34-16Mo | B66: ='Case 3 data'!B65 -> Jaunita | C66: ='Case 3 data'!C65 -> Laird | D66: {=LEFT($A66,MIN(FIND({0;1;2;3;4;5;6;7;8;9},$A66&"0123456789"))-1)} -> AUS | E66: {=MID($A66,MIN(FIND({0;1;2;3;4;5;6;7;8;9},$A66&"0123456789")),FIND("-",$A66)-MIN(FIND({0;1;2;3;4;5;6;7;8;9},$A66&"0123456789")))} -> 34 | F66: =MID($A66,FIND("-",$A66)+1,LEN($A66)-FIND("-",$A66)-LEN($G66)) -> 16 | G66: =IF(RIGHT($A66,2)="Mo","Mo",RIGHT($A66,1)) -> Mo | H66: =D66&"-"&F66 -> AUS-16 | J66: AUS34-16Mo | K66: GER | L66: 34 | M66: 16 | N66: Mo | O66: GER-16
A67: ='Case 3 data'!A66 -> GER38-15M | B67: ='Case 3 data'!B66 -> Leona | C67: ='Case 3 data'!C66 -> Thompson | D67: {=LEFT($A67,MIN(FIND({0;1;2;3;4;5;6;7;8;9},$A67&"0123456789"))-1)} -> GER | E67: {=MID($A67,MIN(FIND({0;1;2;3;4;5;6;7;8;9},$A67&"0123456789")),FIND("-",$A67)-MIN(FIND({0;1;2;3;4;5;6;7;8;9},$A67&"0123456789")))} -> 38 | F67: =MID($A67,FIND("-",$A67)+1,LEN($A67)-FIND("-",$A67)-LEN($G67)) -> 15 | G67: =IF(RIGHT($A67,2)="Mo","Mo",RIGHT($A67,1)) -> M | H67: =D67&"-"&F67 -> GER-15 | J67: GER38-15M | K67: GER | L67: 38 | M67: 15 | N67: M | O67: GER-15
A68: ='Case 3 data'!A67 -> GER79-15W | B68: ='Case 3 data'!B67 -> Regina | C68: ='Case 3 data'!C67 -> Hodges | D68: {=LEFT($A68,MIN(FIND({0;1;2;3;4;5;6;7;8;9},$A68&"0123456789"))-1)} -> GER | E68: {=MID($A68,MIN(FIND({0;1;2;3;4;5;6;7;8;9},$A68&"0123456789")),FIND("-",$A68)-MIN(FIND({0;1;2;3;4;5;6;7;8;9},$A68&"0123456789")))} -> 79 | F68: =MID($A68,FIND("-",$A68)+1,LEN($A68)-FIND("-",$A68)-LEN($G68)) -> 15 | G68: =IF(RIGHT($A68,2)="Mo","Mo",RIGHT($A68,1)) -> W | H68: =D68&"-"&F68 -> GER-15 | J68: GER79-15W | K68: Japan | L68: 79 | M68: 15 | N68: W | O68: Japan-15
A69: ='Case 3 data'!A68 -> AUS385-1W | B69: ='Case 3 data'!B68 -> Clarence | C69: ='Case 3 data'!C68 -> Collins | D69: {=LEFT($A69,MIN(FIND({0;1;2;3;4;5;6;7;8;9},$A69&"0123456789"))-1)} -> AUS | E69: {=MID($A69,MIN(FIND({0;1;2;3;4;5;6;7;8;9},$A69&"0123456789")),FIND("-",$A69)-MIN(FIND({0;1;2;3;4;5;6;7;8;9},$A69&"0123456789")))} -> 385 | F69: =MID($A69,FIND("-",$A69)+1,LEN($A69)-FIND("-",$A69)-LEN($G69)) -> 1 | G69: =IF(RIGHT($A69,2)="Mo","Mo",RIGHT($A69,1)) -> W | H69: =D69&"-"&F69 -> AUS-1 | J69: AUS385-1W | K69: =LEFT(A69,3) -> AUS | L69: 385 | M69: 1 | N69: W | O69: AUS-1
A70: ='Case 3 data'!A69 -> AUS581-9M | B70: ='Case 3 data'!B69 -> Marie | C70: ='Case 3 data'!C69 -> Barnes | D70: {=LEFT($A70,MIN(FIND({0;1;2;3;4;5;6;7;8;9},$A70&"0123456789"))-1)} -> AUS | E70: {=MID($A70,MIN(FIND({0;1;2;3;4;5;6;7;8;9},$A70&"0123456789")),FIND("-",$A70)-MIN(FIND({0;1;2;3;4;5;6;7;8;9},$A70&"0123456789")))} -> 581 | F70: =MID($A70,FIND("-",$A70)+1,LEN($A70)-FIND("-",$A70)-LEN($G70)) -> 9 | G70: =IF(RIGHT($A70,2)="Mo","Mo",RIGHT($A70,1)) -> M | H70: =D70&"-"&F70 -> AUS-9 | J70: AUS581-9M | K70: AUS | L70: 581 | M70: 9 | N70: M | O70: AUS-9
A71: ='Case 3 data'!A70 -> US349-9M | B71: ='Case 3 data'!B70 -> Jennifer | C71: ='Case 3 data'!C70 -> Cox | D71: {=LEFT($A71,MIN(FIND({0;1;2;3;4;5;6;7;8;9},$A71&"0123456789"))-1)} -> US | E71: {=MID($A71,MIN(FIND({0;1;2;3;4;5;6;7;8;9},$A71&"0123456789")),FIND("-",$A71)-MIN(FIND({0;1;2;3;4;5;6;7;8;9},$A71&"0123456789")))} -> 349 | F71: =MID($A71,FIND("-",$A71)+1,LEN($A71)-FIND("-",$A71)-LEN($G71)) -> 9 | G71: =IF(RIGHT($A71,2)="Mo","Mo",RIGHT($A71,1)) -> M | H71: =D71&"-"&F71 -> US-9 | J71: US349-9M | K71: GER | L71: 349 | M71: 9 | N71: M | O71: GER-9
A72: ='Case 3 data'!A71 -> Canada429-8Mo | B72: ='Case 3 data'!B71 -> Virginia | C72: ='Case 3 data'!C71 -> Brooks | D72: {=LEFT($A72,MIN(FIND({0;1;2;3;4;5;6;7;8;9},$A72&"0123456789"))-1)} -> Canada | E72: {=MID($A72,MIN(FIND({0;1;2;3;4;5;6;7;8;9},$A72&"0123456789")),FIND("-",$A72)-MIN(FIND({0;1;2;3;4;5;6;7;8;9},$A72&"0123456789")))} -> 429 | F72: =MID($A72,FIND("-",$A72)+1,LEN($A72)-FIND("-",$A72)-LEN($G72)) -> 8 | G72: =IF(RIGHT($A72,2)="Mo","Mo",RIGHT($A72,1)) -> Mo | H72: =D72&"-"&F72 -> Canada-8 | J72: Canada429-8Mo | K72: GER | L72: 429 | M72: 8 | N72: Mo | O72: GER-8
A73: ='Case 3 data'!A72 -> Canada99-3W | B73: ='Case 3 data'!B72 -> Cecile | C73: ='Case 3 data'!C72 -> Veal | D73: {=LEFT($A73,MIN(FIND({0;1;2;3;4;5;6;7;8;9},$A73&"0123456789"))-1)} -> Canada | E73: {=MID($A73,MIN(FIND({0;1;2;3;4;5;6;7;8;9},$A73&"0123456789")),FIND("-",$A73)-MIN(FIND({0;1;2;3;4;5;6;7;8;9},$A73&"0123456789")))} -> 99 | F73: =MID($A73,FIND("-",$A73)+1,LEN($A73)-FIND("-",$A73)-LEN($G73)) -> 3 | G73: =IF(RIGHT($A73,2)="Mo","Mo",RIGHT($A73,1)) -> W | H73: =D73&"-"&F73 -> Canada-3 | J73: Canada99-3W | K73: Japan | L73: 99 | M73: 3 | N73: W | O73: Japan-3
A74: ='Case 3 data'!A73 -> US373-14M | B74: ='Case 3 data'!B73 -> Harry | C74: ='Case 3 data'!C73 -> Clark | D74: {=LEFT($A74,MIN(FIND({0;1;2;3;4;5;6;7;8;9},$A74&"0123456789"))-1)} -> US | E74: {=MID($A74,MIN(FIND({0;1;2;3;4;5;6;7;8;9},$A74&"0123456789")),FIND("-",$A74)-MIN(FIND({0;1;2;3;4;5;6;7;8;9},$A74&"0123456789")))} -> 373 | F74: =MID($A74,FIND("-",$A74)+1,LEN($A74)-FIND("-",$A74)-LEN($G74)) -> 14 | G74: =IF(RIGHT($A74,2)="Mo","Mo",RIGHT($A74,1)) -> M | H74: =D74&"-"&F74 -> US-14 | J74: US373-14M | K74: =LEFT(A74,3) -> US3 | L74: 373 | M74: 14 | N74: M | O74: US3-14
A75: ='Case 3 data'!A74 -> US210-3W | B75: ='Case 3 data'!B74 -> Rebecca | C75: ='Case 3 data'!C74 -> Gomez | D75: {=LEFT($A75,MIN(FIND({0;1;2;3;4;5;6;7;8;9},$A75&"0123456789"))-1)} -> US | E75: {=MID($A75,MIN(FIND({0;1;2;3;4;5;6;7;8;9},$A75&"0123456789")),FIND("-",$A75)-MIN(FIND({0;1;2;3;4;5;6;7;8;9},$A75&"0123456789")))} -> 210 | F75: =MID($A75,FIND("-",$A75)+1,LEN($A75)-FIND("-",$A75)-LEN($G75)) -> 3 | G75: =IF(RIGHT($A75,2)="Mo","Mo",RIGHT($A75,1)) -> W | H75: =D75&"-"&F75 -> US-3 | J75: US210-3W | K75: AUS | L75: 210 | M75: 3 | N75: W | O75: AUS-3
A76: ='Case 3 data'!A75 -> GER366-5W | B76: ='Case 3 data'!B75 -> Delilah | C76: ='Case 3 data'!C75 -> Eason | D76: {=LEFT($A76,MIN(FIND({0;1;2;3;4;5;6;7;8;9},$A76&"0123456789"))-1)} -> GER | E76: {=MID($A76,MIN(FIND({0;1;2;3;4;5;6;7;8;9},$A76&"0123456789")),FIND("-",$A76)-MIN(FIND({0;1;2;3;4;5;6;7;8;9},$A76&"0123456789")))} -> 366 | F76: =MID($A76,FIND("-",$A76)+1,LEN($A76)-FIND("-",$A76)-LEN($G76)) -> 5 | G76: =IF(RIGHT($A76,2)="Mo","Mo",RIGHT($A76,1)) -> W | H76: =D76&"-"&F76 -> GER-5 | J76: GER366-5W | K76: GER | L76: 366 | M76: 5 | N76: W | O76: GER-5
A77: ='Case 3 data'!A76 -> ARG30-10W | B77: ='Case 3 data'!B76 -> Victor | C77: ='Case 3 data'!C76 -> Smith | D77: {=LEFT($A77,MIN(FIND({0;1;2;3;4;5;6;7;8;9},$A77&"0123456789"))-1)} -> ARG | E77: {=MID($A77,MIN(FIND({0;1;2;3;4;5;6;7;8;9},$A77&"0123456789")),FIND("-",$A77)-MIN(FIND({0;1;2;3;4;5;6;7;8;9},$A77&"0123456789")))} -> 30 | F77: =MID($A77,FIND("-",$A77)+1,LEN($A77)-FIND("-",$A77)-LEN($G77)) -> 10 | G77: =IF(RIGHT($A77,2)="Mo","Mo",RIGHT($A77,1)) -> W | H77: =D77&"-"&F77 -> ARG-10 | J77: ARG30-10W | K77: GER | L77: 30 | M77: 10 | N77: W | O77: GER-10
A78: ='Case 3 data'!A77 -> Japan132-16M | B78: ='Case 3 data'!B77 -> Marjory | C78: ='Case 3 data'!C77 -> Lovelace | D78: {=LEFT($A78,MIN(FIND({0;1;2;3;4;5;6;7;8;9},$A78&"0123456789"))-1)} -> Japan | E78: {=MID($A78,MIN(FIND({0;1;2;3;4;5;6;7;8;9},$A78&"0123456789")),FIND("-",$A78)-MIN(FIND({0;1;2;3;4;5;6;7;8;9},$A78&"0123456789")))} -> 132 | F78: =MID($A78,FIND("-",$A78)+1,LEN($A78)-FIND("-",$A78)-LEN($G78)) -> 16 | G78: =IF(RIGHT($A78,2)="Mo","Mo",RIGHT($A78,1)) -> M | H78: =D78&"-"&F78 -> Japan-16 | J78: Japan132-16M | K78: Japan | L78: 132 | M78: 16 | N78: M | O78: Japan-16
A79: ='Case 3 data'!A78 -> AUS130-17M | B79: ='Case 3 data'!B78 -> Matthew | C79: ='Case 3 data'!C78 -> Brown | D79: {=LEFT($A79,MIN(FIND({0;1;2;3;4;5;6;7;8;9},$A79&"0123456789"))-1)} -> AUS | E79: {=MID($A79,MIN(FIND({0;1;2;3;4;5;6;7;8;9},$A79&"0123456789")),FIND("-",$A79)-MIN(FIND({0;1;2;3;4;5;6;7;8;9},$A79&"0123456789")))} -> 130 | F79: =MID($A79,FIND("-",$A79)+1,LEN($A79)-FIND("-",$A79)-LEN($G79)) -> 17 | G79: =IF(RIGHT($A79,2)="Mo","Mo",RIGHT($A79,1)) -> M | H79: =D79&"-"&F79 -> AUS-17 | J79: AUS130-17M | K79: =LEFT(A79,3) -> AUS | L79: 130 | M79: 17 | N79: M | O79: AUS-17
A80: ='Case 3 data'!A79 -> Japan512-1W | B80: ='Case 3 data'!B79 -> Audrey | C80: ='Case 3 data'!C79 -> Briggs | D80: {=LEFT($A80,MIN(FIND({0;1;2;3;4;5;6;7;8;9},$A80&"0123456789"))-1)} -> Japan | E80: {=MID($A80,MIN(FIND({0;1;2;3;4;5;6;7;8;9},$A80&"0123456789")),FIND("-",$A80)-MIN(FIND({0;1;2;3;4;5;6;7;8;9},$A80&"0123456789")))} -> 512 | F80: =MID($A80,FIND("-",$A80)+1,LEN($A80)-FIND("-",$A80)-LEN($G80)) -> 1 | G80: =IF(RIGHT($A80,2)="Mo","Mo",RIGHT($A80,1)) -> W | H80: =D80&"-"&F80 -> Japan-1 | J80: Japan512-1W | K80: AUS | L80: 512 | M80: 1 | N80: W | O80: AUS-1
A81: ='Case 3 data'!A80 -> AUS377-11W | B81: ='Case 3 data'!B80 -> Collin | C81: ='Case 3 data'!C80 -> Haskins | D81: {=LEFT($A81,MIN(FIND({0;1;2;3;4;5;6;7;8;9},$A81&"0123456789"))-1)} -> AUS | E81: {=MID($A81,MIN(FIND({0;1;2;3;4;5;6;7;8;9},$A81&"0123456789")),FIND("-",$A81)-MIN(FIND({0;1;2;3;4;5;6;7;8;9},$A81&"0123456789")))} -> 377 | F81: =MID($A81,FIND("-",$A81)+1,LEN($A81)-FIND("-",$A81)-LEN($G81)) -> 11 | G81: =IF(RIGHT($A81,2)="Mo","Mo",RIGHT($A81,1)) -> W | H81: =D81&"-"&F81 -> AUS-11 | J81: AUS377-11W | K81: GER | L81: 377 | M81: 11 | N81: W | O81: GER-11
A82: ='Case 3 data'!A81 -> AUS449-13W | B82: ='Case 3 data'!B81 -> Columbus | C82: ='Case 3 data'!C81 -> Fuqua | D82: {=LEFT($A82,MIN(FIND({0;1;2;3;4;5;6;7;8;9},$A82&"0123456789"))-1)} -> AUS | E82: {=MID($A82,MIN(FIND({0;1;2;3;4;5;6;7;8;9},$A82&"0123456789")),FIND("-",$A82)-MIN(FIND({0;1;2;3;4;5;6;7;8;9},$A82&"0123456789")))} -> 449 | F82: =MID($A82,FIND("-",$A82)+1,LEN($A82)-FIND("-",$A82)-LEN($G82)) -> 13 | G82: =IF(RIGHT($A82,2)="Mo","Mo",RIGHT($A82,1)) -> W | H82: =D82&"-"&F82 -> AUS-13 | J82: AUS449-13W | K82: GER | L82: 449 | M82: 13 | N82: W | O82: GER-13
A83: ='Case 3 data'!A82 -> Canada158-4Mo | B83: ='Case 3 data'!B82 -> Faye | C83: ='Case 3 data'!C82 -> Turner | D83: {=LEFT($A83,MIN(FIND({0;1;2;3;4;5;6;7;8;9},$A83&"0123456789"))-1)} -> Canada | E83: {=MID($A83,MIN(FIND({0;1;2;3;4;5;6;7;8;9},$A83&"0123456789")),FIND("-",$A83)-MIN(FIND({0;1;2;3;4;5;6;7;8;9},$A83&"0123456789")))} -> 158 | F83: =MID($A83,FIND("-",$A83)+1,LEN($A83)-FIND("-",$A83)-LEN($G83)) -> 4 | G83: =IF(RIGHT($A83,2)="Mo","Mo",RIGHT($A83,1)) -> Mo | H83: =D83&"-"&F83 -> Canada-4 | J83: Canada158-4Mo | K83: Japan | L83: 158 | M83: 4 | N83: Mo | O83: Japan-4
A84: ='Case 3 data'!A83 -> ARG468-11M | B84: ='Case 3 data'!B83 -> Tina | C84: ='Case 3 data'!C83 -> Carlson | D84: {=LEFT($A84,MIN(FIND({0;1;2;3;4;5;6;7;8;9},$A84&"0123456789"))-1)} -> ARG | E84: {=MID($A84,MIN(FIND({0;1;2;3;4;5;6;7;8;9},$A84&"0123456789")),FIND("-",$A84)-MIN(FIND({0;1;2;3;4;5;6;7;8;9},$A84&"0123456789")))} -> 468 | F84: =MID($A84,FIND("-",$A84)+1,LEN($A84)-FIND("-",$A84)-LEN($G84)) -> 11 | G84: =IF(RIGHT($A84,2)="Mo","Mo",RIGHT($A84,1)) -> M | H84: =D84&"-"&F84 -> ARG-11 | J84: ARG468-11M | K84: =LEFT(A84,3) -> ARG | L84: 468 | M84: 11 | N84: M | O84: ARG-11
A85: ='Case 3 data'!A84 -> Japan597-8Mo | B85: ='Case 3 data'!B84 -> Laura | C85: ='Case 3 data'!C84 -> Edwards | D85: {=LEFT($A85,MIN(FIND({0;1;2;3;4;5;6;7;8;9},$A85&"0123456789"))-1)} -> Japan | E85: {=MID($A85,MIN(FIND({0;1;2;3;4;5;6;7;8;9},$A85&"0123456789")),FIND("-",$A85)-MIN(FIND({0;1;2;3;4;5;6;7;8;9},$A85&"0123456789")))} -> 597 | F85: =MID($A85,FIND("-",$A85)+1,LEN($A85)-FIND("-",$A85)-LEN($G85)) -> 8 | G85: =IF(RIGHT($A85,2)="Mo","Mo",RIGHT($A85,1)) -> Mo | H85: =D85&"-"&F85 -> Japan-8 | J85: Japan597-8Mo | K85: AUS | L85: 597 | M85: 8 | N85: Mo | O85: AUS-8
A86: ='Case 3 data'!A85 -> GER540-7W | B86: ='Case 3 data'!B85 -> Rolf | C86: ='Case 3 data'!C85 -> Schrader | D86: {=LEFT($A86,MIN(FIND({0;1;2;3;4;5;6;7;8;9},$A86&"0123456789"))-1)} -> GER | E86: {=MID($A86,MIN(FIND({0;1;2;3;4;5;6;7;8;9},$A86&"0123456789")),FIND("-",$A86)-MIN(FIND({0;1;2;3;4;5;6;7;8;9},$A86&"0123456789")))} -> 540 | F86: =MID($A86,FIND("-",$A86)+1,LEN($A86)-FIND("-",$A86)-LEN($G86)) -> 7 | G86: =IF(RIGHT($A86,2)="Mo","Mo",RIGHT($A86,1)) -> W | H86: =D86&"-"&F86 -> GER-7 | J86: GER540-7W | K86: GER | L86: 540 | M86: 7 | N86: W | O86: GER-7
A87: ='Case 3 data'!A86 -> GER407-4W | B87: ='Case 3 data'!B86 -> Tiara | C87: ='Case 3 data'!C86 -> Pridgen | D87: {=LEFT($A87,MIN(FIND({0;1;2;3;4;5;6;7;8;9},$A87&"0123456789"))-1)} -> GER | E87: {=MID($A87,MIN(FIND({0;1;2;3;4;5;6;7;8;9},$A87&"0123456789")),FIND("-",$A87)-MIN(FIND({0;1;2;3;4;5;6;7;8;9},$A87&"0123456789")))} -> 407 | F87: =MID($A87,FIND("-",$A87)+1,LEN($A87)-FIND("-",$A87)-LEN($G87)) -> 4 | G87: =IF(RIGHT($A87,2)="Mo","Mo",RIGHT($A87,1)) -> W | H87: =D87&"-"&F87 -> GER-4 | J87: GER407-4W | K87: GER | L87: 407 | M87: 4 | N87: W | O87: GER-4
A88: ='Case 3 data'!A87 -> Canada423-1W | B88: ='Case 3 data'!B87 -> Ed | C88: ='Case 3 data'!C87 -> Pena | D88: {=LEFT($A88,MIN(FIND({0;1;2;3;4;5;6;7;8;9},$A88&"0123456789"))-1)} -> Canada | E88: {=MID($A88,MIN(FIND({0;1;2;3;4;5;6;7;8;9},$A88&"0123456789")),FIND("-",$A88)-MIN(FIND({0;1;2;3;4;5;6;7;8;9},$A88&"0123456789")))} -> 423 | F88: =MID($A88,FIND("-",$A88)+1,LEN($A88)-FIND("-",$A88)-LEN($G88)) -> 1 | G88: =IF(RIGHT($A88,2)="Mo","Mo",RIGHT($A88,1)) -> W | H88: =D88&"-"&F88 -> Canada-1 | J88: Canada423-1W | K88: Japan | L88: 423 | M88: 1 | N88: W | O88: Japan-1
A89: ='Case 3 data'!A88 -> MEX401-8W | B89: ='Case 3 data'!B88 -> Ellan | C89: ='Case 3 data'!C88 -> Braswell | D89: {=LEFT($A89,MIN(FIND({0;1;2;3;4;5;6;7;8;9},$A89&"0123456789"))-1)} -> MEX | E89: {=MID($A89,MIN(FIND({0;1;2;3;4;5;6;7;8;9},$A89&"0123456789")),FIND("-",$A89)-MIN(FIND({0;1;2;3;4;5;6;7;8;9},$A89&"0123456789")))} -> 401 | F89: =MID($A89,FIND("-",$A89)+1,LEN($A89)-FIND("-",$A89)-LEN($G89)) -> 8 | G89: =IF(RIGHT($A89,2)="Mo","Mo",RIGHT($A89,1)) -> W | H89: =D89&"-"&F89 -> MEX-8 | J89: MEX401-8W | K89: =LEFT(A89,3) -> MEX | L89: 401 | M89: 8 | N89: W | O89: MEX-8
A90: ='Case 3 data'!A89 -> GER21-2M | B90: ='Case 3 data'!B89 -> Garfield | C90: ='Case 3 data'!C89 -> Bigelow | D90: {=LEFT($A90,MIN(FIND({0;1;2;3;4;5;6;7;8;9},$A90&"0123456789"))-1)} -> GER | E90: {=MID($A90,MIN(FIND({0;1;2;3;4;5;6;7;8;9},$A90&"0123456789")),FIND("-",$A90)-MIN(FIND({0;1;2;3;4;5;6;7;8;9},$A90&"0123456789")))} -> 21 | F90: =MID($A90,FIND("-",$A90)+1,LEN($A90)-FIND("-",$A90)-LEN($G90)) -> 2 | G90: =IF(RIGHT($A90,2)="Mo","Mo",RIGHT($A90,1)) -> M | H90: =D90&"-"&F90 -> GER-2 | J90: GER21-2M | K90: AUS | L90: 21 | M90: 2 | N90: M | O90: AUS-2
A91: ='Case 3 data'!A90 -> US561-15Mo | B91: ='Case 3 data'!B90 -> Horace | C91: ='Case 3 data'!C90 -> Robertson | D91: {=LEFT($A91,MIN(FIND({0;1;2;3;4;5;6;7;8;9},$A91&"0123456789"))-1)} -> US | E91: {=MID($A91,MIN(FIND({0;1;2;3;4;5;6;7;8;9},$A91&"0123456789")),FIND("-",$A91)-MIN(FIND({0;1;2;3;4;5;6;7;8;9},$A91&"0123456789")))} -> 561 | F91: =MID($A91,FIND("-",$A91)+1,LEN($A91)-FIND("-",$A91)-LEN($G91)) -> 15 | G91: =IF(RIGHT($A91,2)="Mo","Mo",RIGHT($A91,1)) -> Mo | H91: =D91&"-"&F91 -> US-15 | J91: US561-15Mo | K91: GER | L91: 561 | M91: 15 | N91: Mo | O91: GER-15
A92: ='Case 3 data'!A91 -> ARG417-7W | B92: ='Case 3 data'!B91 -> Shawn | C92: ='Case 3 data'!C91 -> Allen | D92: {=LEFT($A92,MIN(FIND({0;1;2;3;4;5;6;7;8;9},$A92&"0123456789"))-1)} -> ARG | E92: {=MID($A92,MIN(FIND({0;1;2;3;4;5;6;7;8;9},$A92&"0123456789")),FIND("-",$A92)-MIN(FIND({0;1;2;3;4;5;6;7;8;9},$A92&"0123456789")))} -> 417 | F92: =MID($A92,FIND("-",$A92)+1,LEN($A92)-FIND("-",$A92)-LEN($G92)) -> 7 | G92: =IF(RIGHT($A92,2)="Mo","Mo",RIGHT($A92,1)) -> W | H92: =D92&"-"&F92 -> ARG-7 | J92: ARG417-7W | K92: GER | L92: 417 | M92: 7 | N92: W | O92: GER-7
A93: ='Case 3 data'!A92 -> AUS28-10W | B93: ='Case 3 data'!B92 -> Beaulah | C93: ='Case 3 data'!C92 -> Willard | D93: {=LEFT($A93,MIN(FIND({0;1;2;3;4;5;6;7;8;9},$A93&"0123456789"))-1)} -> AUS | E93: {=MID($A93,MIN(FIND({0;1;2;3;4;5;6;7;8;9},$A93&"0123456789")),FIND("-",$A93)-MIN(FIND({0;1;2;3;4;5;6;7;8;9},$A93&"0123456789")))} -> 28 | F93: =MID($A93,FIND("-",$A93)+1,LEN($A93)-FIND("-",$A93)-LEN($G93)) -> 10 | G93: =IF(RIGHT($A93,2)="Mo","Mo",RIGHT($A93,1)) -> W | H93: =D93&"-"&F93 -> AUS-10 | J93: AUS28-10W | K93: Japan | L93: 28 | M93: 10 | N93: W | O93: Japan-10
A94: ='Case 3 data'!A93 -> GER291-3M | B94: ='Case 3 data'!B93 -> Jose | C94: ='Case 3 data'!C93 -> Baker | D94: {=LEFT($A94,MIN(FIND({0;1;2;3;4;5;6;7;8;9},$A94&"0123456789"))-1)} -> GER | E94: {=MID($A94,MIN(FIND({0;1;2;3;4;5;6;7;8;9},$A94&"0123456789")),FIND("-",$A94)-MIN(FIND({0;1;2;3;4;5;6;7;8;9},$A94&"0123456789")))} -> 291 | F94: =MID($A94,FIND("-",$A94)+1,LEN($A94)-FIND("-",$A94)-LEN($G94)) -> 3 | G94: =IF(RIGHT($A94,2)="Mo","Mo",RIGHT($A94,1)) -> M | H94: =D94&"-"&F94 -> GER-3 | J94: GER291-3M | K94: =LEFT(A94,3) -> GER | L94: 291 | M94: 3 | N94: M | O94: GER-3
A95: ='Case 3 data'!A94 -> MEX452-4W | B95: ='Case 3 data'!B94 -> Elizabeth | C95: ='Case 3 data'!C94 -> Parker | D95: {=LEFT($A95,MIN(FIND({0;1;2;3;4;5;6;7;8;9},$A95&"0123456789"))-1)} -> MEX | E95: {=MID($A95,MIN(FIND({0;1;2;3;4;5;6;7;8;9},$A95&"0123456789")),FIND("-",$A95)-MIN(FIND({0;1;2;3;4;5;6;7;8;9},$A95&"0123456789")))} -> 452 | F95: =MID($A95,FIND("-",$A95)+1,LEN($A95)-FIND("-",$A95)-LEN($G95)) -> 4 | G95: =IF(RIGHT($A95,2)="Mo","Mo",RIGHT($A95,1)) -> W | H95: =D95&"-"&F95 -> MEX-4 | J95: MEX452-4W | K95: AUS | L95: 452 | M95: 4 | N95: W | O95: AUS-4
A96: ='Case 3 data'!A95 -> Canada337-1M | B96: ='Case 3 data'!B95 -> Carolyn | C96: ='Case 3 data'!C95 -> Anderson | D96: {=LEFT($A96,MIN(FIND({0;1;2;3;4;5;6;7;8;9},$A96&"0123456789"))-1)} -> Canada | E96: {=MID($A96,MIN(FIND({0;1;2;3;4;5;6;7;8;9},$A96&"0123456789")),FIND("-",$A96)-MIN(FIND({0;1;2;3;4;5;6;7;8;9},$A96&"0123456789")))} -> 337 | F96: =MID($A96,FIND("-",$A96)+1,LEN($A96)-FIND("-",$A96)-LEN($G96)) -> 1 | G96: =IF(RIGHT($A96,2)="Mo","Mo",RIGHT($A96,1)) -> M | H96: =D96&"-"&F96 -> Canada-1 | J96: Canada337-1M | K96: GER | L96: 337 | M96: 1 | N96: M | O96: GER-1
A97: ='Case 3 data'!A96 -> AUS255-11Mo | B97: ='Case 3 data'!B96 -> Edna | C97: ='Case 3 data'!C96 -> Harvey | D97: {=LEFT($A97,MIN(FIND({0;1;2;3;4;5;6;7;8;9},$A97&"0123456789"))-1)} -> AUS | E97: {=MID($A97,MIN(FIND({0;1;2;3;4;5;6;7;8;9},$A97&"0123456789")),FIND("-",$A97)-MIN(FIND({0;1;2;3;4;5;6;7;8;9},$A97&"0123456789")))} -> 255 | F97: =MID($A97,FIND("-",$A97)+1,LEN($A97)-FIND("-",$A97)-LEN($G97)) -> 11 | G97: =IF(RIGHT($A97,2)="Mo","Mo",RIGHT($A97,1)) -> Mo | H97: =D97&"-"&F97 -> AUS-11 | J97: AUS255-11Mo | K97: GER | L97: 255 | M97: 11 | N97: Mo | O97: GER-11
A98: ='Case 3 data'!A97 -> ARG458-3W | B98: ='Case 3 data'!B97 -> Jeanmarie | C98: ='Case 3 data'!C97 -> Haywood | D98: {=LEFT($A98,MIN(FIND({0;1;2;3;4;5;6;7;8;9},$A98&"0123456789"))-1)} -> ARG | E98: {=MID($A98,MIN(FIND({0;1;2;3;4;5;6;7;8;9},$A98&"0123456789")),FIND("-",$A98)-MIN(FIND({0;1;2;3;4;5;6;7;8;9},$A98&"0123456789")))} -> 458 | F98: =MID($A98,FIND("-",$A98)+1,LEN($A98)-FIND("-",$A98)-LEN($G98)) -> 3 | G98: =IF(RIGHT($A98,2)="Mo","Mo",RIGHT($A98,1)) -> W | H98: =D98&"-"&F98 -> ARG-3 | J98: ARG458-3W | K98: Japan | L98: 458 | M98: 3 | N98: W | O98: Japan-3
A99: ='Case 3 data'!A98 -> Japan388-17Mo | B99: ='Case 3 data'!B98 -> Maribeth | C99: ='Case 3 data'!C98 -> Kiser | D99: {=LEFT($A99,MIN(FIND({0;1;2;3;4;5;6;7;8;9},$A99&"0123456789"))-1)} -> Japan | E99: {=MID($A99,MIN(FIND({0;1;2;3;4;5;6;7;8;9},$A99&"0123456789")),FIND("-",$A99)-MIN(FIND({0;1;2;3;4;5;6;7;8;9},$A99&"0123456789")))} -> 388 | F99: =MID($A99,FIND("-",$A99)+1,LEN($A99)-FIND("-",$A99)-LEN($G99)) -> 17 | G99: =IF(RIGHT($A99,2)="Mo","Mo",RIGHT($A99,1)) -> Mo | H99: =D99&"-"&F99 -> Japan-17 | J99: Japan388-17Mo | K99: =LEFT(A99,3) -> Jap | L99: 388 | M99: 17 | N99: Mo | O99: Jap-17
A100: ='Case 3 data'!A99 -> Japan312-3M | B100: ='Case 3 data'!B99 -> Elza | C100: ='Case 3 data'!C99 -> Devito | D100: {=LEFT($A100,MIN(FIND({0;1;2;3;4;5;6;7;8;9},$A100&"0123456789"))-1)} -> Japan | E100: {=MID($A100,MIN(FIND({0;1;2;3;4;5;6;7;8;9},$A100&"0123456789")),FIND("-",$A100)-MIN(FIND({0;1;2;3;4;5;6;7;8;9},$A100&"0123456789")))} -> 312 | F100: =MID($A100,FIND("-",$A100)+1,LEN($A100)-FIND("-",$A100)-LEN($G100)) -> 3 | G100: =IF(RIGHT($A100,2)="Mo","Mo",RIGHT($A100,1)) -> M | H100: =D100&"-"&F100 -> Japan-3 | J100: Japan312-3M | K100: AUS | L100: 312 | M100: 3 | N100: M | O100: AUS-3
...

Sheet Sheet1
A2: Japan177-3Mo | B2: Japan
A3: AUS551-2Mo | B3: AUS
A4: AUS316-2M | B4: AUS
A5: GER160-2W | B5: GER
A6: GER265-1M | B6: GER
A7: ARG363-4Mo | B7: ARG
A8: Canada351-3W | B8: Canada
A9: Japan195-5W | B9: Japan
A10: ARG529-1W | B10: ARG
A11: ENG301-6W | B11: ENG
A12: AUS60-2M | B12: AUS
A13: ARG102-7Mo | B13: ARG
... A598: Japan326-11M | B598: Japan

Sheet Case 3 data
A1: EmployeeCode | B1: FirstName | C1: LastName
A2: Japan177-3Mo | B2: Carl | C2: Rodriguez
A3: AUS551-2Mo | B3: Anne | C3: Wright
A4: AUS316-2M | B4: Patrick | C4: Rivera
A5: GER160-2W | B5: Ruby | C5: Walker
A6: GER265-1M | B6: Teresita | C6: Guillen
A7: ARG363-4Mo | B7: Earl | C7: Morgan
A8: Canada351-3W | B8: Joella | C8: Causey
A9: Japan195-5W | B9: Gregg | C9: Kelly
A10: ARG529-1W | B10: William | C10: Reed
A11: ENG301-6W | B11: Julia | C11: Johnson
A12: AUS60-2M | B12: Tonya | C12: Ruiz
... A598: Japan326-11M | B598: Mary | C598: Baker
